{"current":{"logo":"shopify:\/\/shop_images\/header_logo.png","logo_width":340,"sale_badge_color_gradient":"linear-gradient(90deg, rgba(252, 227, 219, 1) 13%, rgba(252, 219, 219, 1) 84%)","sold_out_color_gradient":"linear-gradient(90deg, rgba(252, 227, 219, 1) 13%, rgba(252, 219, 219, 1) 84%)","buy_it_now_color_gradient":"linear-gradient(90deg, rgba(252, 227, 219, 1) 13%, rgba(252, 219, 219, 1) 84%)","contact_form_fields_color":"rgba(0,0,0,0)","signup_form_button_color":"#000","contact_form_button_color":"#000","contact_form_button_bg_color":"#fce0db","left_border_newsletter_button_color":"#000","selected_variant_color_text":"#000","selected_variant_color_gradient":"linear-gradient(90deg, rgba(252, 227, 219, 1) 13%, rgba(252, 219, 219, 1) 84%)","continue_shopping_color_text":"#000","continue_shopping_color_gradient":"linear-gradient(90deg, rgba(252, 227, 219, 1) 13%, rgba(252, 219, 219, 1) 84%)","continue_shopping_border_color":"#000000","checkout_button_color_gradient":"linear-gradient(90deg, rgba(252, 227, 219, 1) 13%, rgba(252, 219, 219, 1) 84%)","footer_border_color":"#000","header_menu_background":"rgba(0,0,0,0)","collection_header_color_gradient":"","collection_header_text_color":"#000","comment_submit_text_color":"#000","comment_submit_background_color":"#fce3db","comment_submit_text_color_hover":"#000","comment_submit_background_color_hover":"#fce0db","type_header_font":"josefin_sans_n3","heading_scale":130,"type_body_font":"josefin_sans_n3","body_scale":100,"page_width":1600,"spacing_sections":0,"spacing_grid_horizontal":16,"spacing_grid_vertical":4,"animations_reveal_on_scroll":true,"animations_hover_elements":"none","buttons_border_thickness":1,"buttons_border_opacity":100,"buttons_radius":0,"buttons_shadow_opacity":0,"buttons_shadow_horizontal_offset":0,"buttons_shadow_vertical_offset":4,"buttons_shadow_blur":5,"variant_pills_border_thickness":1,"variant_pills_border_opacity":55,"variant_pills_radius":40,"variant_pills_shadow_opacity":0,"variant_pills_shadow_horizontal_offset":0,"variant_pills_shadow_vertical_offset":4,"variant_pills_shadow_blur":5,"inputs_border_thickness":1,"inputs_border_opacity":55,"inputs_radius":0,"inputs_shadow_opacity":0,"inputs_shadow_horizontal_offset":0,"inputs_shadow_vertical_offset":4,"inputs_shadow_blur":5,"card_style":"standard","card_image_padding":0,"card_text_alignment":"center","card_color_scheme":"background-2","card_border_thickness":0,"card_border_opacity":10,"card_corner_radius":0,"card_shadow_opacity":0,"card_shadow_horizontal_offset":0,"card_shadow_vertical_offset":4,"card_shadow_blur":5,"collection_card_style":"standard","collection_card_image_padding":0,"collection_card_text_alignment":"left","collection_card_color_scheme":"background-2","collection_card_border_thickness":0,"collection_card_border_opacity":10,"collection_card_corner_radius":0,"collection_card_shadow_opacity":0,"collection_card_shadow_horizontal_offset":0,"collection_card_shadow_vertical_offset":4,"collection_card_shadow_blur":5,"blog_card_style":"standard","blog_card_image_padding":0,"blog_card_text_alignment":"left","blog_card_color_scheme":"background-2","blog_card_border_thickness":0,"blog_card_border_opacity":10,"blog_card_corner_radius":0,"blog_card_shadow_opacity":0,"blog_card_shadow_horizontal_offset":0,"blog_card_shadow_vertical_offset":4,"blog_card_shadow_blur":5,"text_boxes_border_thickness":0,"text_boxes_border_opacity":10,"text_boxes_radius":0,"text_boxes_shadow_opacity":0,"text_boxes_shadow_horizontal_offset":0,"text_boxes_shadow_vertical_offset":4,"text_boxes_shadow_blur":5,"media_border_thickness":1,"media_border_opacity":5,"media_radius":0,"media_shadow_opacity":0,"media_shadow_horizontal_offset":0,"media_shadow_vertical_offset":4,"media_shadow_blur":5,"popup_border_thickness":1,"popup_border_opacity":10,"popup_corner_radius":0,"popup_shadow_opacity":5,"popup_shadow_horizontal_offset":0,"popup_shadow_vertical_offset":4,"popup_shadow_blur":5,"drawer_border_thickness":1,"drawer_border_opacity":10,"drawer_shadow_opacity":0,"drawer_shadow_horizontal_offset":0,"drawer_shadow_vertical_offset":4,"drawer_shadow_blur":5,"badge_position":"bottom left","badge_corner_radius":40,"sale_badge_color_scheme":"accent-2","sold_out_badge_color_scheme":"inverse","brand_headline":"ABOUT","brand_description":"<p>Wild Goddess is your one-stop-shop for handmade boho pieces, made for the dreamers. Est 2023.<\/p>","brand_image_width":100,"social_facebook_link":"https:\/\/facebook.com\/shopify","social_instagram_link":"http:\/\/instagram.com\/shopify","social_youtube_link":"","social_tiktok_link":"https:\/\/tiktok.com","social_twitter_link":"","social_snapchat_link":"","social_pinterest_link":"","social_tumblr_link":"","social_vimeo_link":"","predictive_search_enabled":true,"predictive_search_show_vendor":false,"predictive_search_show_price":false,"currency_code_enabled":true,"cart_type":"notification","show_vendor":false,"show_cart_note":false,"cart_drawer_collection":"","checkout_header_image":"shopify:\/\/shop_images\/desktop_28ff64a6-8027-4f5a-a01a-a94f97645bb2.jpg","checkout_logo_image":"shopify:\/\/shop_images\/header_logo.png","checkout_logo_position":"left","checkout_logo_size":"large","checkout_body_background_image":"shopify:\/\/shop_images\/desktop_28ff64a6-8027-4f5a-a01a-a94f97645bb2.jpg","checkout_body_background_color":"#fce0db","checkout_input_background_color_mode":"transparent","checkout_sidebar_background_image":"shopify:\/\/shop_images\/desktop_28ff64a6-8027-4f5a-a01a-a94f97645bb2.jpg","checkout_sidebar_background_color":"#fce0db","checkout_accent_color":"#000","checkout_button_color":"#fce0db","checkout_error_color":"#e26da0","sections":{"main-password-header":{"type":"main-password-header","settings":{"color_scheme":"background-1"}},"main-password-footer":{"type":"main-password-footer","settings":{"color_scheme":"background-1"}}},"content_for_index":[],"color_schemes":{"background-1":{"settings":{"background":"#fce3db","background_gradient":"","text":"#000000","button":"#000000","button_label":"#fce3db","secondary_button_label":"#000000","shadow":"#fce3db"}},"background-2":{"settings":{"background":"#fce3db","background_gradient":"","text":"#ffffff","button":"#fce3db","button_label":"#000000","secondary_button_label":"#ffffff","shadow":"#000000"}},"inverse":{"settings":{"background":"#fce3db","background_gradient":"","text":"#ffffff","button":"#000000","button_label":"#fce3db","secondary_button_label":"#ffffff","shadow":"#000000"}},"accent-1":{"settings":{"background":"#fce3db","background_gradient":"linear-gradient(90deg, rgba(252, 227, 219, 1) 13%, rgba(252, 219, 219, 1) 84%)","text":"#000000","button":"#000000","button_label":"#fce3db","secondary_button_label":"#000000","shadow":"#fce3db"}},"accent-2":{"settings":{"background":"#fce3db","background_gradient":"","text":"#000000","button":"#000000","button_label":"#fce3db","secondary_button_label":"#000000","shadow":"#fce3db"}},"scheme-fad0d124-8125-4a68-93b7-0297732f2f3b":{"settings":{"background":"rgba(0,0,0,0)","background_gradient":"","text":"#000000","button":"#000000","button_label":"rgba(0,0,0,0)","secondary_button_label":"#000000","shadow":"rgba(0,0,0,0)"}},"scheme-7ccde9cf-c0fa-4899-93b7-d2398a981886":{"settings":{"background":"rgba(0,0,0,0)","background_gradient":"","text":"#000000","button":"#000000","button_label":"#ffffff","secondary_button_label":"#000000","shadow":"#000000"}}}},"presets":{"Default":{"logo_width":90,"color_schemes":{"background-1":{"settings":{"background":"#FFFFFF","background_gradient":"","text":"#121212","button":"#121212","button_label":"#FFFFFF","secondary_button_label":"#121212","shadow":"#121212"}},"background-2":{"settings":{"background":"#F3F3F3","background_gradient":"","text":"#121212","button":"#121212","button_label":"#F3F3F3","secondary_button_label":"#121212","shadow":"#121212"}},"inverse":{"settings":{"background":"#242833","background_gradient":"","text":"#FFFFFF","button":"#FFFFFF","button_label":"#000000","secondary_button_label":"#FFFFFF","shadow":"#121212"}},"accent-1":{"settings":{"background":"#121212","background_gradient":"","text":"#FFFFFF","button":"#FFFFFF","button_label":"#121212","secondary_button_label":"#FFFFFF","shadow":"#121212"}},"accent-2":{"settings":{"background":"#334FB4","background_gradient":"","text":"#FFFFFF","button":"#FFFFFF","button_label":"#334FB4","secondary_button_label":"#FFFFFF","shadow":"#121212"}}},"type_header_font":"assistant_n4","heading_scale":100,"type_body_font":"assistant_n4","body_scale":100,"page_width":1200,"spacing_sections":0,"spacing_grid_horizontal":8,"spacing_grid_vertical":8,"animations_reveal_on_scroll":true,"animations_hover_elements":"none","buttons_border_thickness":1,"buttons_border_opacity":100,"buttons_radius":0,"buttons_shadow_opacity":0,"buttons_shadow_horizontal_offset":0,"buttons_shadow_vertical_offset":4,"buttons_shadow_blur":5,"variant_pills_border_thickness":1,"variant_pills_border_opacity":55,"variant_pills_radius":40,"variant_pills_shadow_opacity":0,"variant_pills_shadow_horizontal_offset":0,"variant_pills_shadow_vertical_offset":4,"variant_pills_shadow_blur":5,"inputs_border_thickness":1,"inputs_border_opacity":55,"inputs_radius":0,"inputs_shadow_opacity":0,"inputs_shadow_horizontal_offset":0,"inputs_shadow_vertical_offset":4,"inputs_shadow_blur":5,"card_style":"standard","card_image_padding":0,"card_text_alignment":"left","card_color_scheme":"background-2","card_border_thickness":0,"card_border_opacity":10,"card_corner_radius":0,"card_shadow_opacity":0,"card_shadow_horizontal_offset":0,"card_shadow_vertical_offset":4,"card_shadow_blur":5,"collection_card_style":"standard","collection_card_image_padding":0,"collection_card_text_alignment":"left","collection_card_color_scheme":"background-2","collection_card_border_thickness":0,"collection_card_border_opacity":10,"collection_card_corner_radius":0,"collection_card_shadow_opacity":0,"collection_card_shadow_horizontal_offset":0,"collection_card_shadow_vertical_offset":4,"collection_card_shadow_blur":5,"blog_card_style":"standard","blog_card_image_padding":0,"blog_card_text_alignment":"left","blog_card_color_scheme":"background-2","blog_card_border_thickness":0,"blog_card_border_opacity":10,"blog_card_corner_radius":0,"blog_card_shadow_opacity":0,"blog_card_shadow_horizontal_offset":0,"blog_card_shadow_vertical_offset":4,"blog_card_shadow_blur":5,"text_boxes_border_thickness":0,"text_boxes_border_opacity":10,"text_boxes_radius":0,"text_boxes_shadow_opacity":0,"text_boxes_shadow_horizontal_offset":0,"text_boxes_shadow_vertical_offset":4,"text_boxes_shadow_blur":5,"media_border_thickness":1,"media_border_opacity":5,"media_radius":0,"media_shadow_opacity":0,"media_shadow_horizontal_offset":0,"media_shadow_vertical_offset":4,"media_shadow_blur":5,"popup_border_thickness":1,"popup_border_opacity":10,"popup_corner_radius":0,"popup_shadow_opacity":5,"popup_shadow_horizontal_offset":0,"popup_shadow_vertical_offset":4,"popup_shadow_blur":5,"drawer_border_thickness":1,"drawer_border_opacity":10,"drawer_shadow_opacity":0,"drawer_shadow_horizontal_offset":0,"drawer_shadow_vertical_offset":4,"drawer_shadow_blur":5,"badge_position":"bottom left","badge_corner_radius":40,"sale_badge_color_scheme":"accent-2","sold_out_badge_color_scheme":"inverse","brand_headline":"","brand_description":"<p><\/p>","brand_image_width":100,"social_twitter_link":"","social_facebook_link":"","social_pinterest_link":"","social_instagram_link":"","social_tiktok_link":"","social_tumblr_link":"","social_snapchat_link":"","social_youtube_link":"","social_vimeo_link":"","predictive_search_enabled":true,"predictive_search_show_vendor":false,"predictive_search_show_price":false,"currency_code_enabled":true,"cart_type":"notification","show_vendor":false,"show_cart_note":false,"cart_drawer_collection":"","sections":{"main-password-header":{"type":"main-password-header","settings":{"color_scheme":"background-1"}},"main-password-footer":{"type":"main-password-footer","settings":{"color_scheme":"background-1"}}}}}}