{"sections":{"main":{"type":"main-article","blocks":{"featured_image":{"type":"featured_image","settings":{"image_height":"adapt"}},"title":{"type":"title","settings":{"blog_show_date":false,"blog_show_author":false}},"share":{"type":"share","settings":{"share_label":"Share"}},"content":{"type":"content","settings":{}}},"block_order":["featured_image","title","share","content"],"custom_css":["@media only screen and (min-width: 750px) {{margin-top: 12px; }}","h1 {font-size: 20px; text-align: center;}",".article-template__comment-wrapper h2 {font-size: 20px; text-align: center;}"],"settings":{}}},"order":["main"]}