{"sections":{"26ddb03e-6079-446b-96c1-87956f3f5c8d":{"type":"image-banner","blocks":{"template--21474240889134__26ddb03e-6079-446b-96c1-87956f3f5c8d-heading-1":{"type":"heading","settings":{"heading":"news","heading_size":"h1"}}},"block_order":["template--21474240889134__26ddb03e-6079-446b-96c1-87956f3f5c8d-heading-1"],"custom_css":["@media only screen and (max-width: 749px) {h1, h2, h3, h4, h5, h6 {font-size: 30px !important; letter-spacing: 0.4em !important; }}","@media only screen and (min-width: 750px) {{margin-top: 12px; }}"],"settings":{"image":"shopify:\/\/shop_images\/alicevandy_Mystical_beauty_campaign_Paris_Jackson_with_long_bea_e206344e-4dd5-4c39-a7d1-eb65b6a3df74.jpg","image_overlay_opacity":0,"image_height":"small","desktop_content_position":"middle-center","show_text_box":false,"desktop_content_alignment":"center","color_scheme":"inverse","image_behavior":"fixed","mobile_content_alignment":"center","stack_images_on_mobile":true,"show_text_below":false}},"main":{"type":"main-blog","custom_css":[],"settings":{"layout":"grid","show_image":true,"image_height":"large","show_date":true,"show_author":false,"padding_top":64,"padding_bottom":64}}},"order":["26ddb03e-6079-446b-96c1-87956f3f5c8d","main"]}