{"sections":{"cart-items":{"type":"main-cart-items","custom_css":["@media only screen and (max-width: 749px) {h1 {font-size: 24px !important; letter-spacing: 0.4em !important; }}","@media only screen and (min-width: 749px) {h1 {font-size: 40px !important; }}"],"settings":{"padding_top":36,"padding_bottom":48}},"cart-footer":{"type":"main-cart-footer","blocks":{"subtotal":{"type":"subtotal","settings":{}},"buttons":{"type":"buttons","settings":{}}},"block_order":["subtotal","buttons"],"custom_css":[],"settings":{"padding_top":20,"padding_bottom":100}}},"order":["cart-items","cart-footer"]}