{"sections":{"banner":{"type":"main-collection-banner","custom_css":["@media only screen and (max-width: 749px) {h1 {font-size: 24px !important; letter-spacing: 0.4em !important; }}","@media only screen and (min-width: 749px) {h1 {font-size: 40px !important; padding-top: 25px; margin-bottom: -15px; }}"],"settings":{"show_collection_description":true,"show_collection_image":false,"color_scheme":"background-1"}},"product-grid":{"type":"main-collection-product-grid","custom_css":["h2,h3,h4,h5,h6 {letter-spacing: 0rem !important;}","@media only screen and (max-width: 749px) {.card-information .price {font-size: 11px !important; }}","@media only screen and (max-width: 749px) {H1, h2, h3, h4, h5, h6 {text-align: center !important; }}"],"settings":{"products_per_page":16,"columns_desktop":4,"image_ratio":"portrait","image_shape":"default","show_secondary_image":true,"show_vendor":false,"show_rating":false,"enable_quick_add":false,"enable_filtering":true,"filter_type":"drawer","enable_sorting":true,"columns_mobile":"2","padding_top":36,"padding_bottom":100}}},"order":["banner","product-grid"]}