{"sections":{"34bc2f8b-d37d-4bcb-b21f-8a6d7aa6cc60":{"type":"marquee","disabled":true,"custom_css":["p {font-size: 12px !important;}"],"settings":{"text":"<p>❀ 20% OFF SUNGLASSES THIS WEEKEND<\/p>","background_color":"#d3d5f4","text_color":"#101010","show_border":false,"hide_border":"top","scroll_direction":"left"}},"f0d01450-17ef-455f-84cf-5809e1bf409d":{"type":"slideshow","blocks":{"template--21474241216814__f0d01450-17ef-455f-84cf-5809e1bf409d-slide-1":{"type":"slide","settings":{"image":"shopify:\/\/shop_images\/1_e91fd377-0ed5-4adb-a293-68d562e1d28d.png","img_link_11":"shopify:\/\/collections\/all","image12":"shopify:\/\/shop_images\/1_97bf2e9a-0fe9-4bf9-9e45-d05b4c9b6fdb.png","img_link_111":"shopify:\/\/collections\/all","heading":"Image slide","heading_size":"h1","subheading":"Tell your brand's story through images","button_label":"Button label","link":"","button_style_secondary":false,"box_align":"middle-center","show_text_box":true,"text_alignment":"center","image_overlay_opacity":0,"color_scheme":"","text_alignment_mobile":"center"}}},"block_order":["template--21474241216814__f0d01450-17ef-455f-84cf-5809e1bf409d-slide-1"],"custom_css":["@media only screen and (min-width: 750px) {{margin-top: 12px; }}"],"settings":{"layout":"full_bleed","slide_height":"adapt_image","slider_visual":"dots","auto_rotate":true,"change_slides_speed":5,"image_behavior":"none","show_text_below":true,"accessibility_info":"Slideshow about our brand"}},"ce24edf3-047d-4531-ac9f-81f7d1828a75":{"type":"marquee","custom_css":["h1,h2,h3,h4,h5,h6 {font-size: 14px !important; font-weight: 200 !important;}",".marquee {border-top: 1px solid #000000 !important;}"],"settings":{"text":"<h5><strong>STAY CONNECTED <\/strong>☽☾<\/h5>","background_color":"#fce0db","text_color":"#000000","show_border":true,"hide_border":"top","scroll_direction":"right"}},"13d209cf-59f5-4416-a150-98c6ea2ca786":{"type":"newsletter","blocks":{"template--21474241216814__13d209cf-59f5-4416-a150-98c6ea2ca786-heading-1":{"type":"heading","disabled":true,"settings":{"heading":"STAY CONNECTED","heading_size":"h2"}},"template--21474241216814__13d209cf-59f5-4416-a150-98c6ea2ca786-paragraph-1":{"type":"paragraph","settings":{"text":"<p>Join the tribe and find out about new products and offers!<\/p>"}},"template--21474241216814__13d209cf-59f5-4416-a150-98c6ea2ca786-email_form-1":{"type":"email_form","settings":{}}},"block_order":["template--21474241216814__13d209cf-59f5-4416-a150-98c6ea2ca786-heading-1","template--21474241216814__13d209cf-59f5-4416-a150-98c6ea2ca786-paragraph-1","template--21474241216814__13d209cf-59f5-4416-a150-98c6ea2ca786-email_form-1"],"custom_css":["@media only screen and (max-width: 749px) {h1, h2, h3, h4, h5, h6 {font-size: 12px !important; }}",".newsletter__wrapper {border-top: 1px solid #000000 !important; border-bottom: 1px solid #000000 !important;}"],"settings":{"color_scheme":"background-1","full_width":true,"padding_top":52,"padding_bottom":56}},"ae3f5815-5975-45c8-bb93-04d6376f36b4":{"type":"marquee","disabled":true,"custom_css":["h1,h2,h3,h4,h5,h6 {font-size: 14px !important; font-weight: 200 !important;}",".marquee {background-color: rgba(248, 222, 255, 0) !important;}"],"settings":{"text":"<h5><strong>STAY CONNECTED <\/strong>☽☾<\/h5>","background_color":"#ffffff","text_color":"#e8e4dc","show_border":true,"hide_border":"top","scroll_direction":"left"}},"1a352926-8180-4755-9d9c-07b6b4c91b81":{"type":"multicolumn","blocks":{"template--16901500502233__1a352926-8180-4755-9d9c-07b6b4c91b81-column-2":{"type":"column","settings":{"image":"shopify:\/\/shop_images\/The_dangly_thing.png","title":"","text":"","link_label":"","link":""}}},"block_order":["template--16901500502233__1a352926-8180-4755-9d9c-07b6b4c91b81-column-2"],"custom_css":["@media only screen and (max-width: 749px) {.multicolumn {margin-bottom: -50px !important; margin-left: -20px !important; }}","@media only screen and (min-width: 750px) and (max-width: 1100px) {.multicolumn {margin-bottom: -100px !important; margin-left: -300px !important; }}","@media only screen and (min-width: 1101px) {.multicolumn {margin-bottom: -100px !important; margin-left: -700px !important; }}"],"settings":{"title":"","heading_size":"h1","image_width":"third","image_ratio":"adapt","columns_desktop":3,"column_alignment":"left","background_style":"none","button_label":"","button_link":"","color_scheme":"","columns_mobile":"1","swipe_on_mobile":false,"padding_top":0,"padding_bottom":0}},"d2a56d21-ca46-4a35-a1be-4662bf429083":{"type":"image-with-text","blocks":{"template--21474241216814__d2a56d21-ca46-4a35-a1be-4662bf429083-heading-1":{"type":"heading","settings":{"heading":"BOHEMIAN","heading_size":"h1"}},"template--21474241216814__d2a56d21-ca46-4a35-a1be-4662bf429083-text-1":{"type":"text","settings":{"text":"<h3><strong>FASHION AND JEWELLERY<\/strong><\/h3><p>Thank you for visting Free Spirited! Lörem ipsum gatrevis ism är gäjungen och lasm. Jygt lusk interes inte kyl, rear. Stenongar sövis. Tusamma. Prot. Telest tehirar, att arode savis. Geologi karar. Epid parakön söngar till astrokönt. Lörem ipsum gatrevis ism är gäjungen och lasm.  <\/p>","text_style":"body"}},"template--21474241216814__d2a56d21-ca46-4a35-a1be-4662bf429083-button-1":{"type":"button","settings":{"button_label":"♡ READ MORE ♡","button_link":"shopify:\/\/pages\/about","button_style_secondary":true}}},"block_order":["template--21474241216814__d2a56d21-ca46-4a35-a1be-4662bf429083-heading-1","template--21474241216814__d2a56d21-ca46-4a35-a1be-4662bf429083-text-1","template--21474241216814__d2a56d21-ca46-4a35-a1be-4662bf429083-button-1"],"custom_css":["@media only screen and (min-width: 750px) {.media > img {margin-right: -70px !important; margin-left: 90px !important; padding-bottom: 60px !important; }}","@media only screen and (min-width: 750px) {.button {margin-left: -60px !important; }}","@media only screen and (max-width: 749px) {h2 {font-size: 30px !important; letter-spacing: 0.2em !important; margin-top: -30px; }}","@media only screen and (max-width: 749px) {h3 {font-size: 18px !important; letter-spacing: 0.3em !important; line-height: 35px; }}","h1,h2,h3,h4,h5,h6 {word-break: keep-all;}"],"settings":{"image":"shopify:\/\/shop_images\/1_63126bf3-f5e7-4d8a-a69b-6c596561c9c4.png","height":"large","desktop_image_width":"medium","layout":"image_first","desktop_content_position":"middle","desktop_content_alignment":"left","content_layout":"overlap","color_scheme":"background-1","image_behavior":"none","mobile_content_alignment":"left","padding_top":4,"padding_bottom":48}},"image_banner":{"type":"image-banner","blocks":{"heading":{"type":"heading","settings":{"heading":"BESTSELLERS","heading_size":"h0"}},"a79eafc1-7ac3-4ffa-b1b2-c3134d2d56c1":{"type":"text","settings":{"text":"Luxurious Gowns and sweeping maxis inspired by the 1950's","text_style":"body"}},"98e682f0-5b2a-4ce5-8091-40112c38e792":{"type":"buttons","settings":{"button_label_1":"SHOP NOW","button_link_1":"shopify:\/\/collections","button_style_secondary_1":true,"button_label_2":"","button_link_2":"","button_style_secondary_2":false}}},"block_order":["heading","a79eafc1-7ac3-4ffa-b1b2-c3134d2d56c1","98e682f0-5b2a-4ce5-8091-40112c38e792"],"custom_css":["h1,h2,h3,h4,h5,h6 {font-size: 90px !important;}","@media only screen and (max-width: 749px) {h1, h2, h3, h4, h5, h6 {font-size: 30px !important; letter-spacing: 0.2em !important; }}"],"settings":{"image":"shopify:\/\/shop_images\/alicevandy_Healing_space_a_crystal_quartz_pink_and_lilac_fashio_1b27e5e4-a3cc-45bc-88a1-63e97108339d-7.jpg","image_overlay_opacity":0,"image_height":"medium","desktop_content_position":"middle-center","show_text_box":false,"desktop_content_alignment":"center","color_scheme":"inverse","image_behavior":"zoom-in","mobile_content_alignment":"center","stack_images_on_mobile":false,"show_text_below":false}},"68f95281-75ea-4b22-9ef0-27465afb2cf8":{"type":"marquee","custom_css":["h1,h2,h3,h4,h5,h6 {font-size: 14px !important; font-weight: 200 !important;}",".marquee {border-top: 1px solid #000000 !important; border-bottom: 1px solid #000000 !important;}"],"settings":{"text":"<h5><strong>FRIENDS OF THE EARTH<\/strong><\/h5>","background_color":"#fce0db","text_color":"#000000","show_border":true,"hide_border":"top","scroll_direction":"left"}},"3344fa8e-14b9-4320-8a62-8a1bbd206512":{"type":"multicolumn","blocks":{"template--17104676389105__3344fa8e-14b9-4320-8a62-8a1bbd206512-column-1":{"type":"column","settings":{"image":"shopify:\/\/shop_images\/The_dangly_thing.png","title":"","text":"","link_label":"","link":""}}},"block_order":["template--17104676389105__3344fa8e-14b9-4320-8a62-8a1bbd206512-column-1"],"custom_css":["@media only screen and (max-width: 749px) {.multicolumn {margin-bottom: -40px !important; margin-left: 100px !important; }}","@media only screen and (min-width: 750px) and (max-width: 1100px) {.multicolumn {margin-bottom: -110px !important; margin-left: 250px !important; }}","@media only screen and (min-width: 1101px) {.multicolumn {margin-bottom: -150px !important; margin-left: 500px !important; }}"],"settings":{"title":"","heading_size":"h1","image_width":"third","image_ratio":"adapt","columns_desktop":3,"column_alignment":"center","background_style":"none","button_label":"","button_link":"","color_scheme":"","columns_mobile":"1","swipe_on_mobile":false,"padding_top":0,"padding_bottom":0}},"309c1f89-c859-4720-81ca-6509648a3d9d":{"type":"multicolumn","blocks":{"template--21474241216814__309c1f89-c859-4720-81ca-6509648a3d9d-column-3":{"type":"column","settings":{"image":"shopify:\/\/shop_images\/alicevandy_Healing_space_a_crystal_quartz_pink_and_lilac_fashio_37ac1811-a545-47a7-a4c8-5eb8900d2a19.jpg","title":"CRYSTALS","text":"<p>Pair text with an image to focus on your chosen product, collection, or blog post. Add details on availability, style, or even provide a review.<\/p>","link_label":"SHOP SALE","link":"shopify:\/\/collections\/all"}},"template--21474241216814__309c1f89-c859-4720-81ca-6509648a3d9d-column-2":{"type":"column","settings":{"image":"shopify:\/\/shop_images\/alicevandy_Mystical_beauty_campaign_Paris_Jackson_with_long_bea_90bc03dc-6077-4959-b728-62da39ca08ff.jpg","title":"JEWELLERY","text":"<p>Pair text with an image to focus on your chosen product, collection, or blog post. Add details on availability, style, or even provide a review.<\/p>","link_label":"SHOP NOW","link":"shopify:\/\/collections\/all"}},"template--21474241216814__309c1f89-c859-4720-81ca-6509648a3d9d-column-1":{"type":"column","settings":{"image":"shopify:\/\/shop_images\/alicevandy_Kate_moss_wearing_a_fitted_wedding_dress_gold_embroi_8c90cabe-aa8b-471d-bf3f-b4a0d289164c.jpg","title":"OUR NEWS","text":"<p>Pair text with an image to focus on your chosen product, collection, or blog post. Add details on availability, style, or even provide a review.<\/p>","link_label":"READ MORE","link":"shopify:\/\/blogs\/news"}}},"block_order":["template--21474241216814__309c1f89-c859-4720-81ca-6509648a3d9d-column-3","template--21474241216814__309c1f89-c859-4720-81ca-6509648a3d9d-column-2","template--21474241216814__309c1f89-c859-4720-81ca-6509648a3d9d-column-1"],"custom_css":[".multicolumn-list__item.center .media--adapt,.multicolumn-list__item .media--adapt .multicolumn-card__image {border-radius: 600px 600px 1px 1px\/600px !important;}",".multicolumn-card__image-wrapper img {border-radius: 600px 600px 1px 1px\/600px !important;}",".multicolumn-card__image {border: 1px solid #000000 !important;}","@media only screen and (max-width: 749px) {h1, h2, h3, h4, h5, h6 {font-size: 15px !important; }}","h1,h2,h3,h4,h5,h6 {letter-spacing: 0.3em !important; font-size: 20px !important;}"],"settings":{"title":"","heading_size":"h2","image_width":"full","image_ratio":"portrait","columns_desktop":3,"column_alignment":"center","background_style":"none","button_label":"","button_link":"","color_scheme":"","columns_mobile":"1","swipe_on_mobile":false,"padding_top":68,"padding_bottom":0}},"5c269ee6-6d79-49b7-80fd-a921d95557ed":{"type":"multicolumn","blocks":{"template--21474241216814__5c269ee6-6d79-49b7-80fd-a921d95557ed-column-3":{"type":"column","settings":{"image":"shopify:\/\/shop_images\/31.png","title":"","text":"","link_label":"","link":""}}},"block_order":["template--21474241216814__5c269ee6-6d79-49b7-80fd-a921d95557ed-column-3"],"custom_css":[],"settings":{"title":"","heading_size":"h1","image_width":"half","image_ratio":"adapt","columns_desktop":1,"column_alignment":"center","background_style":"none","button_label":"","button_link":"","color_scheme":"","columns_mobile":"1","swipe_on_mobile":false,"padding_top":0,"padding_bottom":0}},"c442070c-b979-4666-b1ac-44a3cd581cae":{"type":"rich-text","blocks":{"template--21474241216814__c442070c-b979-4666-b1ac-44a3cd581cae-heading-1":{"type":"heading","settings":{"heading":"<strong>LATEST COLLECTION<\/strong>","heading_size":"h2"}},"d969d751-fd49-48b9-b025-dbed7f3f4bd9":{"type":"text","settings":{"text":"<p>Thank you for visting Wild Goddess We created our store to boost your spiritual wellness. Find mystical products, connect with nature, align with the natural rhythms of the Moon, and find all of Mother Earth’s treasure right here... Add your mystical copy...<\/p>"}}},"block_order":["template--21474241216814__c442070c-b979-4666-b1ac-44a3cd581cae-heading-1","d969d751-fd49-48b9-b025-dbed7f3f4bd9"],"custom_css":["h1,h2,h3,h4,h5,h6 {font-size: 23px !important;}",".rich-text--full-width .rich-text__blocks {max-width: 75%;}","@media only screen and (max-width: 749px) {.rich-text--full-width .rich-text__blocks {max-width: 100%; }}","@media only screen and (max-width: 749px) {h2 {font-size: 18px !important; letter-spacing: 0.3em !important; line-height: 30px; }}"],"settings":{"desktop_content_position":"center","content_alignment":"center","color_scheme":"","full_width":true,"padding_top":52,"padding_bottom":24}},"featured_collection":{"type":"featured-collection","custom_css":["@media only screen and (max-width: 749px) {.card-information .price {font-size: 13px !important; text-align: center !important; }}","@media only screen and (max-width: 749px) {H1, h2, h3, h4, h5, h6 {text-align: center !important; }}"],"settings":{"title":"","heading_size":"h2","description":"","show_description":false,"description_style":"body","collection":"bestsellers","products_to_show":8,"columns_desktop":4,"full_width":false,"show_view_all":false,"view_all_style":"solid","enable_desktop_slider":true,"color_scheme":"background-1","image_ratio":"portrait","image_shape":"default","show_secondary_image":true,"show_vendor":false,"show_rating":false,"enable_quick_add":true,"columns_mobile":"2","swipe_on_mobile":true,"padding_top":0,"padding_bottom":100}},"e1cf7122-e6b5-4487-a5b5-3fc93edfb0ee":{"type":"slideshow","blocks":{"template--21474241216814__e1cf7122-e6b5-4487-a5b5-3fc93edfb0ee-slide-1":{"type":"slide","settings":{"image":"shopify:\/\/shop_images\/Bottom_Banner_1.png","img_link_11":"shopify:\/\/blogs\/news","image12":"shopify:\/\/shop_images\/4_147f8ce8-c35c-4a5c-b6fb-bf5accb6f8ff.png","img_link_111":"shopify:\/\/blogs\/news","heading":"Image slide","heading_size":"h1","subheading":"Tell your brand's story through images","button_label":"Button label","link":"","button_style_secondary":false,"box_align":"middle-center","show_text_box":false,"text_alignment":"center","image_overlay_opacity":0,"color_scheme":"","text_alignment_mobile":"center"}}},"block_order":["template--21474241216814__e1cf7122-e6b5-4487-a5b5-3fc93edfb0ee-slide-1"],"custom_css":[".slideshow {border-top: 1px solid #000000 !important; border-bottom: 1px solid #000000 !important;}"],"settings":{"layout":"full_bleed","slide_height":"adapt_image","slider_visual":"counter","auto_rotate":false,"change_slides_speed":5,"image_behavior":"none","show_text_below":true,"accessibility_info":"Slideshow about our brand"}},"fbfe1823-43a3-492a-82de-3a151f97db21":{"type":"multicolumn","blocks":{"template--21036973031724__fbfe1823-43a3-492a-82de-3a151f97db21-column-3":{"type":"column","settings":{"image":"shopify:\/\/shop_images\/22.png","title":"SERVICE","text":"<p>24\/7 customer service<\/p>","link_label":"","link":""}},"2e19455e-8b7b-415f-abd9-dc29c7704aa2":{"type":"column","settings":{"image":"shopify:\/\/shop_images\/32.png","title":"STYLING","text":"<p>Vintage Styling service available<\/p>","link_label":"","link":""}},"d9406ab4-947b-478f-9f1e-f0a864f35503":{"type":"column","settings":{"image":"shopify:\/\/shop_images\/29.png","title":"DESIGNER","text":"<p>All items are rare, designer goods<\/p>","link_label":"","link":""}},"36d528f3-617b-4896-aac9-c4a16c937ad5":{"type":"column","settings":{"image":"shopify:\/\/shop_images\/20.png","title":"ETHICAL","text":"<p>Packaged sustainably<\/p>","link_label":"","link":""}}},"block_order":["template--21036973031724__fbfe1823-43a3-492a-82de-3a151f97db21-column-3","2e19455e-8b7b-415f-abd9-dc29c7704aa2","d9406ab4-947b-478f-9f1e-f0a864f35503","36d528f3-617b-4896-aac9-c4a16c937ad5"],"custom_css":["@media only screen and (max-width: 749px) {h1, h2, h3, h4, h5, h6 {font-size: 15px !important; }}","h1,h2,h3,h4,h5,h6 {letter-spacing: 0.3em !important; font-size: 18px !important;}"],"settings":{"title":"","heading_size":"h1","image_width":"half","image_ratio":"adapt","columns_desktop":4,"column_alignment":"center","background_style":"none","button_label":"","button_link":"","color_scheme":"","columns_mobile":"2","swipe_on_mobile":false,"padding_top":100,"padding_bottom":100}},"043829f4-b683-4149-a5f0-d0419e32bda8":{"type":"rich-text","blocks":{"template--21036973031724__043829f4-b683-4149-a5f0-d0419e32bda8-heading-1":{"type":"heading","settings":{"heading":"STAY CONNECTED","heading_size":"h2"}}},"block_order":["template--21036973031724__043829f4-b683-4149-a5f0-d0419e32bda8-heading-1"],"custom_css":["@media only screen and (max-width: 749px) {h1, h2, h3, h4, h5, h6 {font-size: 13px !important; letter-spacing: 1.2rem !important; }}",".rich-text {border-top: 1px solid #000000 !important;}"],"settings":{"desktop_content_position":"center","content_alignment":"center","color_scheme":"accent-1","full_width":true,"padding_top":20,"padding_bottom":20}},"1699365146b2378ec5":{"type":"apps","settings":{"include_margins":false}}},"order":["34bc2f8b-d37d-4bcb-b21f-8a6d7aa6cc60","f0d01450-17ef-455f-84cf-5809e1bf409d","ce24edf3-047d-4531-ac9f-81f7d1828a75","13d209cf-59f5-4416-a150-98c6ea2ca786","ae3f5815-5975-45c8-bb93-04d6376f36b4","1a352926-8180-4755-9d9c-07b6b4c91b81","d2a56d21-ca46-4a35-a1be-4662bf429083","image_banner","68f95281-75ea-4b22-9ef0-27465afb2cf8","3344fa8e-14b9-4320-8a62-8a1bbd206512","309c1f89-c859-4720-81ca-6509648a3d9d","5c269ee6-6d79-49b7-80fd-a921d95557ed","c442070c-b979-4666-b1ac-44a3cd581cae","featured_collection","e1cf7122-e6b5-4487-a5b5-3fc93edfb0ee","fbfe1823-43a3-492a-82de-3a151f97db21","043829f4-b683-4149-a5f0-d0419e32bda8","1699365146b2378ec5"]}