{"sections":{"3511bcdf-3c80-483d-81fa-fdb542ff14af":{"type":"image-banner","blocks":{"template--21474241249582__3511bcdf-3c80-483d-81fa-fdb542ff14af-heading-1":{"type":"heading","settings":{"heading":"COLLECTIONS","heading_size":"h1"}}},"block_order":["template--21474241249582__3511bcdf-3c80-483d-81fa-fdb542ff14af-heading-1"],"custom_css":["@media only screen and (max-width: 749px) {h1, h2, h3, h4, h5, h6 {font-size: 28px !important; letter-spacing: 0.3em !important; }}","@media only screen and (min-width: 750px) {{margin-top: 12px; }}"],"settings":{"image":"shopify:\/\/shop_images\/alicevandy_Healing_space_a_crystal_quartz_pink_and_lilac_fashio_9ce324bd-6933-4a6b-9591-3029f044852c.jpg","image_overlay_opacity":0,"image_height":"small","desktop_content_position":"middle-center","show_text_box":false,"desktop_content_alignment":"center","color_scheme":"inverse","image_behavior":"fixed","mobile_content_alignment":"center","stack_images_on_mobile":false,"show_text_below":false}},"4834ab70-e678-452b-bcea-bd81fc1ec3d5":{"type":"rich-text","blocks":{"template--21474241249582__4834ab70-e678-452b-bcea-bd81fc1ec3d5-heading-1":{"type":"heading","settings":{"heading":"shop by collection","heading_size":"h2"}},"template--21474241249582__4834ab70-e678-452b-bcea-bd81fc1ec3d5-text-1":{"type":"text","settings":{"text":"<p>Share information about your brand with your customers. Describe a product, make announcements, or welcome customers to your store.<\/p>"}},"24730a75-2c87-4b72-9a64-3c98b0153da4":{"type":"button","settings":{"button_label":"","button_link":"shopify:\/\/collections\/all","button_style_secondary":true,"button_label_2":"","button_link_2":"","button_style_secondary_2":false}}},"block_order":["template--21474241249582__4834ab70-e678-452b-bcea-bd81fc1ec3d5-heading-1","template--21474241249582__4834ab70-e678-452b-bcea-bd81fc1ec3d5-text-1","24730a75-2c87-4b72-9a64-3c98b0153da4"],"custom_css":["@media only screen and (max-width: 749px) {h1, h2, h3, h4, h5, h6 {word-break: keep-all; font-size: 23px !important; letter-spacing: 0.3em !important; line-height: 35px; }}","@media only screen and (max-width: 749px) {p {margin-bottom: -20px; }}","@media only screen and (max-width: 749px) {.rich-text--full-width .rich-text__blocks {max-width: 100%; }}"],"settings":{"desktop_content_position":"center","content_alignment":"center","color_scheme":"","full_width":true,"padding_top":84,"padding_bottom":52}},"main":{"type":"main-list-collections","custom_css":[".collection-list .media.media--transparent.media--hover-effect {border-radius: 600px 600px 1px 1px\/600px !important;}",".collection-list .media.media--transparent.media--hover-effect {border-radius: 600px 600px 1px 1px\/600px !important;}",".collection-list .media.media--transparent.media--hover-effect {border: 1px solid #000000 !important;}",".gradient {background: transparent !important;}"],"settings":{"title":"","sort":"alphabetical","image_ratio":"portrait","columns_desktop":3,"columns_mobile":"1"}}},"order":["3511bcdf-3c80-483d-81fa-fdb542ff14af","4834ab70-e678-452b-bcea-bd81fc1ec3d5","main"]}