{"sections":{"main":{"type":"main-page","disabled":true,"settings":{"padding_top":28,"padding_bottom":28}},"20bcafae-6494-4690-baf9-01ef9b109d01":{"type":"rich-text","blocks":{"template--21038073479468__20bcafae-6494-4690-baf9-01ef9b109d01-heading-1":{"type":"heading","settings":{"heading":"FAQ'S","heading_size":"h1"}},"template--21038073479468__20bcafae-6494-4690-baf9-01ef9b109d01-text-1":{"type":"text","settings":{"text":"<p>Share information about your brand with your customers. Describe a product, make announcements, or welcome customers to your store.<\/p>"}}},"block_order":["template--21038073479468__20bcafae-6494-4690-baf9-01ef9b109d01-heading-1","template--21038073479468__20bcafae-6494-4690-baf9-01ef9b109d01-text-1"],"custom_css":[],"settings":{"desktop_content_position":"center","content_alignment":"center","color_scheme":"","full_width":true,"padding_top":100,"padding_bottom":52}},"8ff95b7a-932a-4107-87c6-abe5558a19fc":{"type":"collapsible-content","blocks":{"80fef0a7-a1da-4c51-835d-62441892e438":{"type":"collapsible_row","settings":{"heading":"Where are Halo Hair based?","icon":"truck","row_content":"<p>Lorem ipsum dolor sit amet, consectetur adipiscing elit, sed do eiusmod tempor incididunt ut labore et dolore magna aliqua. Ut enim ad minim veniam, quis nostrud exercitation ullamco laboris nisi ut aliquip ex ea commodo consequat. <\/p>","page":""}},"template--21038073479468__8ff95b7a-932a-4107-87c6-abe5558a19fc-collapsible_row-3":{"type":"collapsible_row","settings":{"heading":"What couriers do you use?","icon":"truck","row_content":"<p>Lorem ipsum dolor sit amet, consectetur adipiscing elit, sed do eiusmod tempor incididunt ut labore et dolore magna aliqua. Ut enim ad minim veniam, quis nostrud exercitation ullamco laboris nisi ut aliquip ex ea commodo consequat. <\/p>","page":""}},"template--21038073479468__8ff95b7a-932a-4107-87c6-abe5558a19fc-collapsible_row-1":{"type":"collapsible_row","settings":{"heading":"Do you ship overseas?","icon":"truck","row_content":"<p>Lorem ipsum dolor sit amet, consectetur adipiscing elit, sed do eiusmod tempor incididunt ut labore et dolore magna aliqua. Ut enim ad minim veniam, quis nostrud exercitation ullamco laboris nisi ut aliquip ex ea commodo consequat. <\/p>","page":""}},"template--21038073479468__8ff95b7a-932a-4107-87c6-abe5558a19fc-collapsible_row-2":{"type":"collapsible_row","settings":{"heading":"Can I pay for express delivery?","icon":"truck","row_content":"<p>Lorem ipsum dolor sit amet, consectetur adipiscing elit, sed do eiusmod tempor incididunt ut labore et dolore magna aliqua. Ut enim ad minim veniam, quis nostrud exercitation ullamco laboris nisi ut aliquip ex ea commodo consequat. <\/p>","page":""}}},"block_order":["80fef0a7-a1da-4c51-835d-62441892e438","template--21038073479468__8ff95b7a-932a-4107-87c6-abe5558a19fc-collapsible_row-3","template--21038073479468__8ff95b7a-932a-4107-87c6-abe5558a19fc-collapsible_row-1","template--21038073479468__8ff95b7a-932a-4107-87c6-abe5558a19fc-collapsible_row-2"],"custom_css":["h3 {font-size: 18px !important; letter-spacing: 0rem !important;}","@media only screen and (max-width: 749px) {h3 {font-size: 16px !important; letter-spacing: 0rem !important; }}"],"settings":{"caption":"","heading":"DELIVERY","heading_size":"h2","heading_alignment":"left","layout":"none","color_scheme":"","container_color_scheme":"","open_first_collapsible_row":false,"image_ratio":"adapt","desktop_layout":"image_second","padding_top":36,"padding_bottom":36}},"68dbcd29-996b-424f-bcfa-08f8f10269e5":{"type":"collapsible-content","blocks":{"template--21038073479468__68dbcd29-996b-424f-bcfa-08f8f10269e5-collapsible_row-1":{"type":"collapsible_row","settings":{"heading":"Are your Hair extensions made from human hair?","icon":"star","row_content":"<p>Lorem ipsum dolor sit amet, consectetur adipiscing elit, sed do eiusmod tempor incididunt ut labore et dolore magna aliqua.<\/p>","page":""}},"template--21038073479468__68dbcd29-996b-424f-bcfa-08f8f10269e5-collapsible_row-2":{"type":"collapsible_row","settings":{"heading":"Is your hair Remy? And what does this mean?","icon":"star","row_content":"<p>Lorem ipsum dolor sit amet, consectetur adipiscing elit, sed do eiusmod tempor incididunt ut labore et dolore magna aliqua.<\/p>","page":""}},"template--21038073479468__68dbcd29-996b-424f-bcfa-08f8f10269e5-collapsible_row-3":{"type":"collapsible_row","settings":{"heading":"What grade are your hair extensions?","icon":"star","row_content":"<p>Lorem ipsum dolor sit amet, consectetur adipiscing elit, sed do eiusmod tempor incididunt ut labore et dolore magna aliqua.<\/p>","page":""}}},"block_order":["template--21038073479468__68dbcd29-996b-424f-bcfa-08f8f10269e5-collapsible_row-1","template--21038073479468__68dbcd29-996b-424f-bcfa-08f8f10269e5-collapsible_row-2","template--21038073479468__68dbcd29-996b-424f-bcfa-08f8f10269e5-collapsible_row-3"],"custom_css":["h3 {font-size: 18px !important; letter-spacing: 0rem !important;}","@media only screen and (max-width: 749px) {h3 {font-size: 16px !important; letter-spacing: 0rem !important; }}"],"settings":{"caption":"","heading":"QUALITY","heading_size":"h2","heading_alignment":"left","layout":"none","color_scheme":"","container_color_scheme":"","open_first_collapsible_row":false,"image_ratio":"adapt","desktop_layout":"image_second","padding_top":36,"padding_bottom":36}},"b71788b8-c164-490f-94b5-893568e769fc":{"type":"collapsible-content","blocks":{"template--21038073479468__b71788b8-c164-490f-94b5-893568e769fc-collapsible_row-1":{"type":"collapsible_row","settings":{"heading":"Can the Hair extensions be straightened, curled or tonged?","icon":"heart","row_content":"<p>Lorem ipsum dolor sit amet, consectetur adipiscing elit, sed do eiusmod tempor incididunt ut labore et dolore magna aliqua. Ut enim ad minim veniam, quis nostrud exercitation ullamco laboris nisi ut aliquip ex ea commodo consequat. <\/p>","page":""}},"template--21038073479468__b71788b8-c164-490f-94b5-893568e769fc-collapsible_row-2":{"type":"collapsible_row","settings":{"heading":"Can the Hair extensions be washed?","icon":"heart","row_content":"<p>Lorem ipsum dolor sit amet, consectetur adipiscing elit, sed do eiusmod tempor incididunt ut labore et dolore magna aliqua. Ut enim ad minim veniam, quis nostrud exercitation ullamco laboris nisi ut aliquip ex ea commodo consequat. <\/p>","page":""}},"template--21038073479468__b71788b8-c164-490f-94b5-893568e769fc-collapsible_row-3":{"type":"collapsible_row","settings":{"heading":"Can the Hair extensions be dyed or toned?","icon":"heart","row_content":"<p>Lorem ipsum dolor sit amet, consectetur adipiscing elit, sed do eiusmod tempor incididunt ut labore et dolore magna aliqua. Ut enim ad minim veniam, quis nostrud exercitation ullamco laboris nisi ut aliquip ex ea commodo consequat. <\/p>","page":""}},"template--21038073479468__b71788b8-c164-490f-94b5-893568e769fc-collapsible_row-4":{"type":"collapsible_row","settings":{"heading":"How should you store Hair extensions?","icon":"heart","row_content":"<p>Lorem ipsum dolor sit amet, consectetur adipiscing elit, sed do eiusmod tempor incididunt ut labore et dolore magna aliqua. Ut enim ad minim veniam, quis nostrud exercitation ullamco laboris nisi ut aliquip ex ea commodo consequat. <\/p>","page":""}}},"block_order":["template--21038073479468__b71788b8-c164-490f-94b5-893568e769fc-collapsible_row-1","template--21038073479468__b71788b8-c164-490f-94b5-893568e769fc-collapsible_row-2","template--21038073479468__b71788b8-c164-490f-94b5-893568e769fc-collapsible_row-3","template--21038073479468__b71788b8-c164-490f-94b5-893568e769fc-collapsible_row-4"],"custom_css":["h3 {font-size: 18px !important; letter-spacing: 0rem !important;}","@media only screen and (max-width: 749px) {h3 {font-size: 16px !important; letter-spacing: 0rem !important; }}"],"settings":{"caption":"","heading":"CARE","heading_size":"h2","heading_alignment":"left","layout":"none","color_scheme":"","container_color_scheme":"","open_first_collapsible_row":false,"image_ratio":"adapt","desktop_layout":"image_second","padding_top":36,"padding_bottom":36}},"1b681e5c-66db-42e0-b0b7-1077612f27d6":{"type":"collapsible-content","blocks":{"template--21038073479468__1b681e5c-66db-42e0-b0b7-1077612f27d6-collapsible_row-1":{"type":"collapsible_row","settings":{"heading":"Can the Hair extensions and products be returned?","icon":"return","row_content":"<p>Lorem ipsum dolor sit amet, consectetur adipiscing elit, sed do eiusmod tempor incididunt ut labore et dolore magna aliqua. <\/p>","page":""}}},"block_order":["template--21038073479468__1b681e5c-66db-42e0-b0b7-1077612f27d6-collapsible_row-1"],"custom_css":["h3 {font-size: 18px !important; letter-spacing: 0rem !important;}","@media only screen and (max-width: 749px) {h3 {font-size: 16px !important; letter-spacing: 0rem !important; }}"],"settings":{"caption":"","heading":"RETURNS","heading_size":"h2","heading_alignment":"left","layout":"none","color_scheme":"","container_color_scheme":"","open_first_collapsible_row":false,"image_ratio":"adapt","desktop_layout":"image_second","padding_top":36,"padding_bottom":96}}},"order":["main","20bcafae-6494-4690-baf9-01ef9b109d01","8ff95b7a-932a-4107-87c6-abe5558a19fc","68dbcd29-996b-424f-bcfa-08f8f10269e5","b71788b8-c164-490f-94b5-893568e769fc","1b681e5c-66db-42e0-b0b7-1077612f27d6"]}