{"sections":{"main":{"type":"main-page","settings":{"padding_top":28,"padding_bottom":28}},"78bdb9e0-cb5b-4bc3-ad8c-8dcfac790d0c":{"type":"rich-text","blocks":{"template--17104676290801__78bdb9e0-cb5b-4bc3-ad8c-8dcfac790d0c-heading-1":{"type":"heading","settings":{"heading":"BOOK IN","heading_size":"h2"}},"template--17104676290801__78bdb9e0-cb5b-4bc3-ad8c-8dcfac790d0c-text-1":{"type":"text","settings":{"text":"<p>Share information about your brand with your customers. Describe a product, make announcements, or welcome customers to your store.<\/p>"}},"template--17104676290801__78bdb9e0-cb5b-4bc3-ad8c-8dcfac790d0c-button-1":{"type":"button","settings":{"button_label":"","button_link":"","button_style_secondary":false,"button_label_2":"","button_link_2":"","button_style_secondary_2":false}}},"block_order":["template--17104676290801__78bdb9e0-cb5b-4bc3-ad8c-8dcfac790d0c-heading-1","template--17104676290801__78bdb9e0-cb5b-4bc3-ad8c-8dcfac790d0c-text-1","template--17104676290801__78bdb9e0-cb5b-4bc3-ad8c-8dcfac790d0c-button-1"],"settings":{"desktop_content_position":"center","content_alignment":"center","color_scheme":"","full_width":true,"padding_top":40,"padding_bottom":52}},"f70944ee-09a0-44de-ae9d-c5bd85dff30d":{"type":"rich-text","blocks":{"c6b47d02-b4c0-4566-87e1-c199bcc7c499":{"type":"caption","settings":{"caption":"(ADD A BOOKING APP HERE)","text_style":"caption-with-letter-spacing","text_size":"large"}}},"block_order":["c6b47d02-b4c0-4566-87e1-c199bcc7c499"],"settings":{"desktop_content_position":"center","content_alignment":"center","color_scheme":"","full_width":true,"padding_top":20,"padding_bottom":100}}},"order":["main","78bdb9e0-cb5b-4bc3-ad8c-8dcfac790d0c","f70944ee-09a0-44de-ae9d-c5bd85dff30d"]}