{"sections":{"main":{"type":"main-page","disabled":true,"settings":{"padding_top":0,"padding_bottom":0}},"3bde278f-2411-4241-b8aa-cf0b57ae3be6":{"type":"multicolumn","blocks":{"template--17079568695513__3bde278f-2411-4241-b8aa-cf0b57ae3be6-column-1":{"type":"column","settings":{"image":"shopify:\/\/shop_images\/The_dangly_thing.png","title":"","text":"","link_label":"","link":""}}},"block_order":["template--17079568695513__3bde278f-2411-4241-b8aa-cf0b57ae3be6-column-1"],"custom_css":["@media only screen and (max-width: 749px) {.multicolumn {margin-bottom: -50px !important; margin-left: -20px !important; }}","@media only screen and (min-width: 750px) {.multicolumn {margin-bottom: -100px !important; margin-right: -1200px !important; margin-top: 12px; }}"],"settings":{"title":"","heading_size":"h1","image_width":"third","image_ratio":"adapt","columns_desktop":3,"column_alignment":"center","background_style":"none","button_label":"","button_link":"","color_scheme":"","columns_mobile":"1","swipe_on_mobile":false,"padding_top":0,"padding_bottom":0}},"35c5c9eb-37a1-4c99-90a5-43e98d4227d9":{"type":"image-with-text","blocks":{"template--17079568695513__35c5c9eb-37a1-4c99-90a5-43e98d4227d9-heading-1":{"type":"heading","settings":{"heading":"THE GODDESS","heading_size":"h1"}},"template--17079568695513__35c5c9eb-37a1-4c99-90a5-43e98d4227d9-text-1":{"type":"text","settings":{"text":"<h3><strong>TRANSFORMATION<\/strong><\/h3><p>Thank you for visting Luna Energy! We created our store to boost your spiritual wellness. Find mystical products, connect with nature, align with the natural rhythms of the Moon, and find all of Mother Earth’s treasure right here...  Find mystical products, connect with nature, align with the natural rhythms of the Moon, and find all of Mother Earth’s treasure right here... <\/p>","text_style":"body"}}},"block_order":["template--17079568695513__35c5c9eb-37a1-4c99-90a5-43e98d4227d9-heading-1","template--17079568695513__35c5c9eb-37a1-4c99-90a5-43e98d4227d9-text-1"],"custom_css":["@media only screen and (min-width: 750px) {.image-with-text__text {margin-left: 40px !important; }}","@media only screen and (min-width: 750px) {.image-with-text__heading {margin-left: 40px !important; }}","@media only screen and (min-width: 750px) {.media > img {margin-left: -50px !important; }}"],"settings":{"image":"shopify:\/\/shop_images\/31.png","height":"adapt","desktop_image_width":"small","layout":"text_first","desktop_content_position":"middle","desktop_content_alignment":"left","content_layout":"overlap","color_scheme":"","image_behavior":"none","mobile_content_alignment":"left","padding_top":36,"padding_bottom":36}},"cbd0498d-2ef8-4f90-95d4-4680fde9e1f8":{"type":"marquee","custom_css":["h1,h2,h3,h4,h5,h6 {font-size: 14px !important; font-weight: 200 !important;}",".marquee {background-color: rgba(248, 222, 255, 0) !important;}",".marquee {border-top: 1px solid #000000 !important; border-bottom: 1px solid #000000 !important;}"],"settings":{"text":"<h5><strong>THE ADVENTURE STARTS HERE...<\/strong><\/h5>","background_color":"#f09cd6","text_color":"#000000","show_border":true,"hide_border":"top","scroll_direction":"left"}},"1e107b70-1496-45d2-be5c-bd49f7ca0387":{"type":"multirow","blocks":{"template--17079568695513__1e107b70-1496-45d2-be5c-bd49f7ca0387-row-1":{"type":"row","settings":{"image":"shopify:\/\/shop_images\/alicevandy_space_pink_agate_crystal_pink_and_lilac_fashion_maga_a0006b5f-6ffb-4abc-a7e4-bf46e22660b72.jpg","caption":"","heading":"<strong>SERVICE 1<\/strong>","text":"<p>Thank you for visting Luna Energy! We created our store to boost your spiritual wellness. Find mystical products, connect with nature, align with the natural rhythms of the Moon, and find all of Mother Earth’s treasure right here... <\/p>","button_label":"♡ BOOK IN ♡","button_link":"shopify:\/\/pages\/book-in"}}},"block_order":["template--17079568695513__1e107b70-1496-45d2-be5c-bd49f7ca0387-row-1"],"custom_css":["h2 {font-size: 23px;}",".button {margin-left: 60px;}",".multirow__inner {padding-left: 0;}","@media only screen and (min-width: 750px) {.image-with-text__text {margin-left: 60px !important; margin-right: 110px !important; }}","@media only screen and (min-width: 750px) {.image-with-text__heading {margin-left: 60px !important; margin-right: 110px !important; }}"],"settings":{"image_height":"medium","desktop_image_width":"medium","heading_size":"h1","text_style":"body","button_style":"secondary","desktop_content_position":"middle","desktop_content_alignment":"left","image_layout":"alternate-left","section_color_scheme":"","row_color_scheme":"","mobile_content_alignment":"left","padding_top":0,"padding_bottom":0}},"8102b5e0-a06b-4d4f-a422-bfc760bde06a":{"type":"marquee","custom_css":["h1,h2,h3,h4,h5,h6 {font-size: 14px !important; font-weight: 200 !important;}",".marquee {background-color: rgba(248, 222, 255, 0) !important;}",".marquee {border-top: 1px solid #000000 !important; border-bottom: 1px solid #000000 !important;}"],"settings":{"text":"<h5><strong>THE ADVENTURE STARTS HERE...<\/strong><\/h5>","background_color":"#f09cd6","text_color":"#000000","show_border":true,"hide_border":"top","scroll_direction":"right"}},"45971012-0b40-4492-9e01-7f73eb37ea91":{"type":"multirow","blocks":{"template--17079568695513__45971012-0b40-4492-9e01-7f73eb37ea91-row-2":{"type":"row","settings":{"image":"shopify:\/\/shop_images\/alicevandy_Rihanna_wearing_a_red_faux_fur_coat_over_a_boho_mini_252817f3-2bb3-4848-9dce-28fee7304c2e.jpg","caption":"","heading":"<strong>SERVICE 2<\/strong>","text":"<p>Pair text with an image to focus on your chosen product, collection, or blog post. Add details on availability, style, or even provide a review.<\/p>","button_label":"♡ BOOK IN ♡","button_link":"shopify:\/\/pages\/book-in"}}},"block_order":["template--17079568695513__45971012-0b40-4492-9e01-7f73eb37ea91-row-2"],"custom_css":["h2 {font-size: 23px;}",".button {margin-left: 60px;}",".multirow__inner {padding-right: 0;}","@media only screen and (min-width: 750px) {.image-with-text__text {margin-left: 60px !important; margin-right: 110px !important; }}","@media only screen and (min-width: 750px) {.image-with-text__heading {margin-left: 60px !important; margin-right: 110px !important; }}"],"settings":{"image_height":"medium","desktop_image_width":"medium","heading_size":"h1","text_style":"body","button_style":"secondary","desktop_content_position":"middle","desktop_content_alignment":"left","image_layout":"alternate-right","section_color_scheme":"","row_color_scheme":"","mobile_content_alignment":"left","padding_top":0,"padding_bottom":0}},"8506a35b-914a-4041-ade6-ef9b368e9621":{"type":"marquee","custom_css":["h1,h2,h3,h4,h5,h6 {font-size: 14px !important; font-weight: 200 !important;}",".marquee {background-color: rgba(248, 222, 255, 0) !important;}",".marquee {border-top: 1px solid #000000 !important; border-bottom: 1px solid #000000 !important;}"],"settings":{"text":"<h5><strong>THE ADVENTURE STARTS HERE...<\/strong><\/h5>","background_color":"#f09cd6","text_color":"#000000","show_border":true,"hide_border":"top","scroll_direction":"left"}},"c43b9dff-9c5f-4eb7-9b2b-d56dd90fc811":{"type":"multirow","blocks":{"template--17079568695513__c43b9dff-9c5f-4eb7-9b2b-d56dd90fc811-row-1":{"type":"row","settings":{"image":"shopify:\/\/shop_images\/alicevandy_Mystical_flat_lay_crystal_candle_pink_clam_shell_wit_6db2402c-ceff-46d2-bd12-85907d361853.jpg","caption":"","heading":"<strong>SERVICE 3<\/strong>","text":"<p>Pair text with an image to focus on your chosen product, collection, or blog post. Add details on availability, style, or even provide a review.<\/p>","button_label":"♡ BOOK IN ♡","button_link":"shopify:\/\/pages\/book-in"}}},"block_order":["template--17079568695513__c43b9dff-9c5f-4eb7-9b2b-d56dd90fc811-row-1"],"custom_css":["h2 {font-size: 23px;}",".button {margin-left: 60px;}",".multirow__inner {padding-left: 0;}","@media only screen and (min-width: 750px) {.image-with-text__text {margin-left: 60px !important; margin-right: 110px !important; }}","@media only screen and (min-width: 750px) {.image-with-text__heading {margin-left: 60px !important; margin-right: 110px !important; }}"],"settings":{"image_height":"medium","desktop_image_width":"medium","heading_size":"h1","text_style":"body","button_style":"secondary","desktop_content_position":"middle","desktop_content_alignment":"left","image_layout":"alternate-left","section_color_scheme":"","row_color_scheme":"","mobile_content_alignment":"left","padding_top":0,"padding_bottom":0}},"ff348bc3-20f5-4250-9f95-6dc4cca816d7":{"type":"marquee","custom_css":["h1,h2,h3,h4,h5,h6 {font-size: 14px !important; font-weight: 200 !important;}",".marquee {background-color: rgba(248, 222, 255, 0) !important;}",".marquee {border-top: 1px solid #000000 !important; border-bottom: 1px solid #000000 !important;}"],"settings":{"text":"<h5><strong>THE ADVENTURE STARTS HERE...<\/strong><\/h5>","background_color":"#f09cd6","text_color":"#000000","show_border":true,"hide_border":"top","scroll_direction":"right"}},"92cdc79c-7bba-4f12-b715-1da218e97053":{"type":"multicolumn","blocks":{"template--17079568695513__92cdc79c-7bba-4f12-b715-1da218e97053-column-1":{"type":"column","settings":{"image":"shopify:\/\/shop_images\/The_dangly_thing.png","title":"","text":"","link_label":"","link":""}}},"block_order":["template--17079568695513__92cdc79c-7bba-4f12-b715-1da218e97053-column-1"],"custom_css":["@media only screen and (max-width: 749px) {.multicolumn {margin-bottom: -50px !important; margin-left: -20px !important; }}","@media only screen and (min-width: 750px) {.multicolumn {margin-bottom: -100px !important; margin-right: -1200px !important; }}"],"settings":{"title":"","heading_size":"h1","image_width":"third","image_ratio":"adapt","columns_desktop":1,"column_alignment":"center","background_style":"none","button_label":"","button_link":"","color_scheme":"","columns_mobile":"1","swipe_on_mobile":false,"padding_top":0,"padding_bottom":0}},"561744f9-e4f6-46eb-8c18-f8bc22258c31":{"type":"multicolumn","blocks":{"template--17079568695513__561744f9-e4f6-46eb-8c18-f8bc22258c31-column-1":{"type":"column","settings":{"title":"<strong>I FEEL BETTER THAN EVER<\/strong>","text":"<p>Pair text with an image to focus on your chosen product, collection, or blog post. Add details on availability, style, or even provide a review.<\/p>","link_label":"","link":""}},"template--17079568695513__561744f9-e4f6-46eb-8c18-f8bc22258c31-column-2":{"type":"column","settings":{"title":"<strong>CANNOT THANK YOU ENOUGH<\/strong>","text":"<p>Pair text with an image to focus on your chosen product, collection, or blog post. Add details on availability, style, or even provide a review.<\/p>","link_label":"","link":""}},"template--17079568695513__561744f9-e4f6-46eb-8c18-f8bc22258c31-column-3":{"type":"column","settings":{"title":"<strong>I LOOK AND FEEL LIKE A GODDESS<\/strong>","text":"<p>Pair text with an image to focus on your chosen product, collection, or blog post. Add details on availability, style, or even provide a review.<\/p>","link_label":"","link":""}}},"block_order":["template--17079568695513__561744f9-e4f6-46eb-8c18-f8bc22258c31-column-1","template--17079568695513__561744f9-e4f6-46eb-8c18-f8bc22258c31-column-2","template--17079568695513__561744f9-e4f6-46eb-8c18-f8bc22258c31-column-3"],"custom_css":["@media only screen and (max-width: 749px) {h3, h4, h5, h6 {font-size: 15px !important; }}","h3,h4,h5,h6 {letter-spacing: 0.3em !important; font-size: 18px !important;}"],"settings":{"title":"YOUR WORDS","heading_size":"h1","image_width":"full","image_ratio":"adapt","columns_desktop":3,"column_alignment":"left","background_style":"none","button_label":"","button_link":"","color_scheme":"","columns_mobile":"2","swipe_on_mobile":true,"padding_top":60,"padding_bottom":100}},"b9ecd627-f236-4356-93f0-ffdaff82cdb2":{"type":"multicolumn","blocks":{"template--17079568695513__b9ecd627-f236-4356-93f0-ffdaff82cdb2-column-1":{"type":"column","settings":{"image":"shopify:\/\/shop_images\/22.png","title":"Column","text":"<p>Pair text with an image to focus on your chosen product, collection, or blog post. Add details on availability, style, or even provide a review.<\/p>","link_label":"","link":""}},"template--17079568695513__b9ecd627-f236-4356-93f0-ffdaff82cdb2-column-2":{"type":"column","settings":{"image":"shopify:\/\/shop_images\/32.png","title":"Column","text":"<p>Pair text with an image to focus on your chosen product, collection, or blog post. Add details on availability, style, or even provide a review.<\/p>","link_label":"","link":""}},"template--17079568695513__b9ecd627-f236-4356-93f0-ffdaff82cdb2-column-3":{"type":"column","settings":{"image":"shopify:\/\/shop_images\/29.png","title":"Column","text":"<p>Pair text with an image to focus on your chosen product, collection, or blog post. Add details on availability, style, or even provide a review.<\/p>","link_label":"","link":""}},"178fac55-780e-4581-b516-32131f04abb9":{"type":"column","settings":{"image":"shopify:\/\/shop_images\/20.png","title":"Column","text":"<p>Pair text with an image to focus on your chosen product, collection, or blog post. Add details on availability, style, or even provide a review.<\/p>","link_label":"","link":""}}},"block_order":["template--17079568695513__b9ecd627-f236-4356-93f0-ffdaff82cdb2-column-1","template--17079568695513__b9ecd627-f236-4356-93f0-ffdaff82cdb2-column-2","template--17079568695513__b9ecd627-f236-4356-93f0-ffdaff82cdb2-column-3","178fac55-780e-4581-b516-32131f04abb9"],"custom_css":["@media only screen and (max-width: 749px) {h1, h2, h3, h4, h5, h6 {font-size: 15px !important; }}","h1,h2,h3,h4,h5,h6 {letter-spacing: 0.3em !important; font-size: 18px !important;}"],"settings":{"title":"","heading_size":"h1","image_width":"half","image_ratio":"adapt","columns_desktop":4,"column_alignment":"center","background_style":"none","button_label":"","button_link":"","color_scheme":"","columns_mobile":"2","swipe_on_mobile":false,"padding_top":36,"padding_bottom":36}},"bd3299af-6fda-47b4-b2f4-a73d60f90932":{"type":"newsletter","blocks":{"template--17079568695513__bd3299af-6fda-47b4-b2f4-a73d60f90932-heading-1":{"type":"heading","settings":{"heading":"STAY IN TOUCH","heading_size":"h2"}},"template--17079568695513__bd3299af-6fda-47b4-b2f4-a73d60f90932-paragraph-1":{"type":"paragraph","settings":{"text":"<p>Be the first to know about new collections and exclusive offers.<\/p>"}},"template--17079568695513__bd3299af-6fda-47b4-b2f4-a73d60f90932-email_form-1":{"type":"email_form","settings":{}}},"block_order":["template--17079568695513__bd3299af-6fda-47b4-b2f4-a73d60f90932-heading-1","template--17079568695513__bd3299af-6fda-47b4-b2f4-a73d60f90932-paragraph-1","template--17079568695513__bd3299af-6fda-47b4-b2f4-a73d60f90932-email_form-1"],"settings":{"color_scheme":"","full_width":true,"padding_top":40,"padding_bottom":52}}},"order":["main","3bde278f-2411-4241-b8aa-cf0b57ae3be6","35c5c9eb-37a1-4c99-90a5-43e98d4227d9","cbd0498d-2ef8-4f90-95d4-4680fde9e1f8","1e107b70-1496-45d2-be5c-bd49f7ca0387","8102b5e0-a06b-4d4f-a422-bfc760bde06a","45971012-0b40-4492-9e01-7f73eb37ea91","8506a35b-914a-4041-ade6-ef9b368e9621","c43b9dff-9c5f-4eb7-9b2b-d56dd90fc811","ff348bc3-20f5-4250-9f95-6dc4cca816d7","92cdc79c-7bba-4f12-b715-1da218e97053","561744f9-e4f6-46eb-8c18-f8bc22258c31","b9ecd627-f236-4356-93f0-ffdaff82cdb2","bd3299af-6fda-47b4-b2f4-a73d60f90932"]}