{"sections":{"main":{"type":"main-page","disabled":true,"settings":{"padding_top":56,"padding_bottom":100}},"ac890807-7263-40ea-b00d-bc2b55b25d34":{"type":"rich-text","blocks":{"template--21593073418542__ac890807-7263-40ea-b00d-bc2b55b25d34-heading-1":{"type":"heading","settings":{"heading":"PRIVACY POLICY","heading_size":"h2"}},"template--21593073418542__ac890807-7263-40ea-b00d-bc2b55b25d34-text-1":{"type":"text","settings":{"text":"<p>I'm baby humblebrag paleo JOMO disrupt bicycle rights man braid, salvia palo santo. PBR&B street art actually fingerstache, pitchfork cupping try-hard vice. Banh mi authentic wolf plaid shoreditch tilde air plant, fanny pack try-hard. Letterpress biodiesel portland fashion axe intelligentsia, keffiyeh cupping hammock chicharrones.<\/p><p><br\/><\/p><p>+1 neutra bodega boys tacos artisan small batch gatekeep mlkshk hell of. Sustainable hell of microdosing, tousled pork belly twee pickled helvetica bicycle rights tofu direct trade prism mumblecore four loko. Gochujang scenester subway tile, meh williamsburg echo park farm-to-table flexitarian. Typewriter 90's lo-fi gentrify neutral milk hotel art party kombucha pickled portland.<\/p><p><br\/><\/p><p>Cloud bread big mood sustainable jianbing slow-carb tumblr master cleanse. 3 wolf moon selvage godard paleo. Mukbang bespoke skateboard, PBR&B lomo big mood tbh yr. Grailed hexagon vegan franzen cronut meh enamel pin. Grailed kombucha scenester, gatekeep hammock man braid sus ethical bespoke whatever chia helvetica pitchfork kogi fam.<\/p>"}}},"block_order":["template--21593073418542__ac890807-7263-40ea-b00d-bc2b55b25d34-heading-1","template--21593073418542__ac890807-7263-40ea-b00d-bc2b55b25d34-text-1"],"custom_css":["@media only screen and (max-width: 749px) {h2 {font-size: 22px !important; letter-spacing: 0.4em !important; line-height: 40px; text-align: left; }}",".rich-text--full-width .rich-text__blocks {max-width: 80%;}"],"settings":{"desktop_content_position":"center","content_alignment":"left","color_scheme":"","full_width":true,"padding_top":100,"padding_bottom":100}}},"order":["main","ac890807-7263-40ea-b00d-bc2b55b25d34"]}