{"sections":{"14301c85-c84e-4634-8d77-9e703dd6c8fe":{"type":"multicolumn","blocks":{"template--17042559500505__14301c85-c84e-4634-8d77-9e703dd6c8fe-column-1":{"type":"column","settings":{"image":"shopify:\/\/shop_images\/31.png","title":"","text":"","link_label":"","link":""}}},"block_order":["template--17042559500505__14301c85-c84e-4634-8d77-9e703dd6c8fe-column-1"],"settings":{"title":"","heading_size":"h1","image_width":"half","image_ratio":"adapt","columns_desktop":1,"column_alignment":"center","background_style":"none","button_label":"","button_link":"","color_scheme":"","columns_mobile":"1","swipe_on_mobile":false,"padding_top":84,"padding_bottom":0}},"3e6e0cc1-970c-41f4-a1ce-e144afae3921":{"type":"rich-text","blocks":{"template--21038059258156__3e6e0cc1-970c-41f4-a1ce-e144afae3921-heading-1":{"type":"heading","settings":{"heading":"EMBRACE THE GODDESS WITHIN","heading_size":"h2"}}},"block_order":["template--21038059258156__3e6e0cc1-970c-41f4-a1ce-e144afae3921-heading-1"],"custom_css":["h2 {font-size: 23px !important; line-height: 50px !important;}",".rich-text--full-width .rich-text__blocks {max-width: 100%;}","@media only screen and (max-width: 749px) {h2 {font-size: 20px !important; letter-spacing: 0.4em !important; }}"],"settings":{"desktop_content_position":"center","content_alignment":"center","color_scheme":"","full_width":true,"padding_top":24,"padding_bottom":32}},"6be782f4-6427-4b86-b33c-0f69e08f1cad":{"type":"rich-text","blocks":{"template--17042559500505__6be782f4-6427-4b86-b33c-0f69e08f1cad-text-1":{"type":"text","settings":{"text":"<p>Lorem ipsum dolor sit amet, consectetur adipiscing elit, sed do eiusmod tempor incididunt ut labore et dolore magna aliqua. Nibh ipsum consequat nisl vel pretium lectus quam. Sem et tortor consequat id porta nibh venenatis cras. Aenean sed adipiscing diam donec adipiscing tristique risus nec. Vel eros donec ac odio tempor orci dapibus ultrices. Nunc sed velit dignissim sodales. Morbi tincidunt ornare massa eget egestas purus viverra accumsan. Odio tempor orci dapibus ultrices in iaculis. Egestas purus viverra accumsan in nisl. Et ultrices neque ornare aenean. Nec nam aliquam sem et tortor consequat id. Eu non diam phasellus vestibulum lorem sed risus. In fermentum posuere urna nec tincidunt praesent semper feugiat nibh.<br\/><\/p>"}}},"block_order":["template--17042559500505__6be782f4-6427-4b86-b33c-0f69e08f1cad-text-1"],"custom_css":[".rich-text--full-width .rich-text__blocks {max-width: 90%;}"],"settings":{"desktop_content_position":"center","content_alignment":"center","color_scheme":"","full_width":true,"padding_top":0,"padding_bottom":52}},"8e2aa33f-0636-4a57-908b-184ea923b4e9":{"type":"multicolumn","blocks":{"template--21038059258156__8e2aa33f-0636-4a57-908b-184ea923b4e9-column-3":{"type":"column","settings":{"image":"shopify:\/\/shop_images\/22.png","title":"SERVICE","text":"<p>24\/7 customer service<\/p>","link_label":"","link":""}},"62f4eec1-95fa-4939-acb9-1c066f45382d":{"type":"column","settings":{"image":"shopify:\/\/shop_images\/32.png","title":"STYLING","text":"<p>Vintage Styling service available<\/p>","link_label":"","link":""}},"1ddab6df-d746-4ff3-b9c0-0be6592e6c9d":{"type":"column","settings":{"image":"shopify:\/\/shop_images\/29.png","title":"DESIGNER","text":"<p>All items are rare, designer goods<\/p>","link_label":"","link":""}},"5ec2da9c-f584-4368-a7f7-4d005cbee62b":{"type":"column","settings":{"image":"shopify:\/\/shop_images\/20.png","title":"ETHICAL","text":"<p>Packaged sustainably<\/p>","link_label":"","link":""}}},"block_order":["template--21038059258156__8e2aa33f-0636-4a57-908b-184ea923b4e9-column-3","62f4eec1-95fa-4939-acb9-1c066f45382d","1ddab6df-d746-4ff3-b9c0-0be6592e6c9d","5ec2da9c-f584-4368-a7f7-4d005cbee62b"],"custom_css":["@media only screen and (max-width: 749px) {h1, h2, h3, h4, h5, h6 {font-size: 15px !important; }}","h1,h2,h3,h4,h5,h6 {letter-spacing: 0.3em !important; font-size: 18px !important;}",".multicolumn > * {background-image: linear-gradient( 0deg, rgba(252, 224, 219, 1) 0%, rgba(252, 224, 219, 0) 100% );}"],"settings":{"title":"","heading_size":"h1","image_width":"half","image_ratio":"adapt","columns_desktop":4,"column_alignment":"center","background_style":"none","button_label":"","button_link":"","color_scheme":"","columns_mobile":"2","swipe_on_mobile":false,"padding_top":52,"padding_bottom":32}},"main":{"type":"main-page","disabled":true,"settings":{"padding_top":28,"padding_bottom":28}},"7529ed20-ebca-4933-920a-1d9ff11ae9df":{"type":"image-with-text","blocks":{"template--17042559500505__7529ed20-ebca-4933-920a-1d9ff11ae9df-heading-1":{"type":"heading","settings":{"heading":"CONNECT","heading_size":"h2"}},"template--17042559500505__7529ed20-ebca-4933-920a-1d9ff11ae9df-text-1":{"type":"text","settings":{"text":"<h4><strong>WITH ME ON SOCIALS<\/strong><\/h4><p>Thank you for visting Luna Energy! We created our store to boost your spiritual wellness. Find mystical products, connect with nature, align with the natural rhythms of the Moon, and find all of Mother Earth’s treasure right here... <\/p>","text_style":"body"}},"bcc42d7d-32e2-4f11-b986-a759f622ace3":{"type":"button","settings":{"button_label":"♡ MY INSTAGRAM ♡","button_link":"https:\/\/www.instagram.com","button_style_secondary":true}}},"block_order":["template--17042559500505__7529ed20-ebca-4933-920a-1d9ff11ae9df-heading-1","template--17042559500505__7529ed20-ebca-4933-920a-1d9ff11ae9df-text-1","bcc42d7d-32e2-4f11-b986-a759f622ace3"],"custom_css":["@media only screen and (min-width: 750px) {.button {margin-left: -60px; }}","@media only screen and (min-width: 750px) {.media > img {margin-right: -50px; margin-left: 50px; }}",".image-with-text > * {background: #fce0db;}","@media only screen and (max-width: 749px) {h2 {margin-top: -50px; }}","@media only screen and (max-width: 749px) {h2 {font-size: 30px; letter-spacing: 0.4em; }}","@media only screen and (max-width: 749px) {h4 {font-size: 16px; letter-spacing: 0.3em; line-height: 35px; }}","h1,h2,h3,h4,h5,h6 {word-break: keep-all;}"],"settings":{"image":"shopify:\/\/shop_images\/Pearl_Goddess_-_About_Image.png","height":"adapt","desktop_image_width":"medium","layout":"image_first","desktop_content_position":"middle","desktop_content_alignment":"left","content_layout":"no-overlap","color_scheme":"","image_behavior":"none","mobile_content_alignment":"left","padding_top":0,"padding_bottom":0}},"f84ecda6-217d-44b6-aa0d-95b267a9e5da":{"type":"marquee","custom_css":["h1,h2,h3,h4,h5,h6 {font-size: 14px !important; font-weight: 200 !important;}"],"settings":{"text":"<h5><strong>STAY CONNECTED <\/strong>☽☾<\/h5>","background_color":"#fce0db","text_color":"#000000","show_border":true,"hide_border":"right","scroll_direction":"left"}},"7badb573-4412-488b-825a-01a7700c3b53":{"type":"newsletter","blocks":{"template--17042559500505__7badb573-4412-488b-825a-01a7700c3b53-heading-1":{"type":"heading","settings":{"heading":"","heading_size":"h2"}},"template--17042559500505__7badb573-4412-488b-825a-01a7700c3b53-paragraph-1":{"type":"paragraph","settings":{"text":"<p>Be the first to know about new collections and exclusive offers.<\/p>"}},"template--17042559500505__7badb573-4412-488b-825a-01a7700c3b53-email_form-1":{"type":"email_form","settings":{}}},"block_order":["template--17042559500505__7badb573-4412-488b-825a-01a7700c3b53-heading-1","template--17042559500505__7badb573-4412-488b-825a-01a7700c3b53-paragraph-1","template--17042559500505__7badb573-4412-488b-825a-01a7700c3b53-email_form-1"],"custom_css":[".newsletter .content-container--full-width:after {background: #fce0db;}"],"settings":{"color_scheme":"","full_width":true,"padding_top":32,"padding_bottom":80}}},"order":["14301c85-c84e-4634-8d77-9e703dd6c8fe","3e6e0cc1-970c-41f4-a1ce-e144afae3921","6be782f4-6427-4b86-b33c-0f69e08f1cad","8e2aa33f-0636-4a57-908b-184ea923b4e9","main","7529ed20-ebca-4933-920a-1d9ff11ae9df","f84ecda6-217d-44b6-aa0d-95b267a9e5da","7badb573-4412-488b-825a-01a7700c3b53"]}