{"sections":{"main":{"type":"main-page","disabled":true,"settings":{"padding_top":36,"padding_bottom":36}},"c4114b07-b66d-40ef-a2e6-c00ce1dae9c8":{"type":"image-banner","blocks":{"template--21474241315118__c4114b07-b66d-40ef-a2e6-c00ce1dae9c8-heading-1":{"type":"heading","settings":{"heading":"CONTACT","heading_size":"h1"}}},"block_order":["template--21474241315118__c4114b07-b66d-40ef-a2e6-c00ce1dae9c8-heading-1"],"custom_css":["@media only screen and (max-width: 749px) {h1, h2, h3, h4, h5, h6 {font-size: 30px !important; letter-spacing: 0.4em !important; }}","@media only screen and (min-width: 750px) {{margin-top: 12px; }}"],"settings":{"image":"shopify:\/\/shop_images\/alicevandy_Kate_moss_wearing_a_fitted_wedding_dress_gold_embroi_2a1721a3-f039-4cbb-8eb3-70137c76940a.jpg","image_overlay_opacity":0,"image_height":"small","desktop_content_position":"middle-center","show_text_box":false,"desktop_content_alignment":"center","color_scheme":"inverse","image_behavior":"fixed","mobile_content_alignment":"center","stack_images_on_mobile":false,"show_text_below":false}},"f66e40fd-d8ed-4f6d-a20c-33feec5bb3f9":{"type":"rich-text","blocks":{"template--21036972966188__f66e40fd-d8ed-4f6d-a20c-33feec5bb3f9-heading-1":{"type":"heading","settings":{"heading":"GET IN TOUCH","heading_size":"h2"}},"template--21036972966188__f66e40fd-d8ed-4f6d-a20c-33feec5bb3f9-text-1":{"type":"text","settings":{"text":"<p>Share information about your brand with your customers. Describe a product, make announcements, or welcome customers to your store.<\/p>"}}},"block_order":["template--21036972966188__f66e40fd-d8ed-4f6d-a20c-33feec5bb3f9-heading-1","template--21036972966188__f66e40fd-d8ed-4f6d-a20c-33feec5bb3f9-text-1"],"custom_css":["@media only screen and (max-width: 749px) {h1, h2, h3, h4, h5, h6 {word-break: keep-all; font-size: 23px !important; letter-spacing: 0.3em !important; line-height: 35px; }}","@media only screen and (max-width: 749px) {.rich-text--full-width .rich-text__blocks {max-width: 100%; }}"],"settings":{"desktop_content_position":"center","content_alignment":"center","color_scheme":"","full_width":true,"padding_top":84,"padding_bottom":4}},"form":{"type":"contact-form","settings":{"heading":"","heading_size":"h1","color_scheme":"background-1","padding_top":36,"padding_bottom":84}},"e394fe98-fb1c-405d-b8a9-e23820b8e360":{"type":"multicolumn","blocks":{"template--17042559533273__e394fe98-fb1c-405d-b8a9-e23820b8e360-column-1":{"type":"column","settings":{"title":"PRESS","text":"<p>press@goddess.com<\/p>","link_label":"","link":""}},"template--17042559533273__e394fe98-fb1c-405d-b8a9-e23820b8e360-column-2":{"type":"column","settings":{"title":"STOCKISTS","text":"<p>stockists@goddess.com<\/p>","link_label":"","link":""}},"template--17042559533273__e394fe98-fb1c-405d-b8a9-e23820b8e360-column-3":{"type":"column","settings":{"title":"COLLABS","text":"<p>collabs@goddess.com<\/p>","link_label":"","link":""}}},"block_order":["template--17042559533273__e394fe98-fb1c-405d-b8a9-e23820b8e360-column-1","template--17042559533273__e394fe98-fb1c-405d-b8a9-e23820b8e360-column-2","template--17042559533273__e394fe98-fb1c-405d-b8a9-e23820b8e360-column-3"],"custom_css":["@media only screen and (max-width: 749px) {h1, h2, h3, h4, h5, h6 {font-size: 15px !important; }}","h1,h2,h3,h4,h5,h6 {letter-spacing: 0.3em !important; font-size: 18px !important;}"],"settings":{"title":"","heading_size":"h1","image_width":"full","image_ratio":"adapt","columns_desktop":3,"column_alignment":"center","background_style":"none","button_label":"","button_link":"","color_scheme":"background-1","columns_mobile":"1","swipe_on_mobile":false,"padding_top":0,"padding_bottom":36}},"7c1cd926-f9fe-44b1-a651-ddbac7cadf3e":{"type":"multicolumn","blocks":{"template--21474241315118__7c1cd926-f9fe-44b1-a651-ddbac7cadf3e-column-2":{"type":"column","settings":{"image":"shopify:\/\/shop_images\/31.png","title":"","text":"","link_label":"","link":""}}},"block_order":["template--21474241315118__7c1cd926-f9fe-44b1-a651-ddbac7cadf3e-column-2"],"settings":{"title":"","heading_size":"h1","image_width":"half","image_ratio":"adapt","columns_desktop":3,"column_alignment":"center","background_style":"none","button_label":"","button_link":"","color_scheme":"","columns_mobile":"1","swipe_on_mobile":false,"padding_top":12,"padding_bottom":100}},"1e6bbe3b-a17c-4ab2-9e68-ee850e2527d8":{"type":"rich-text","blocks":{"template--21593073320238__1e6bbe3b-a17c-4ab2-9e68-ee850e2527d8-heading-1":{"type":"heading","settings":{"heading":"STAY CONNECTED","heading_size":"h2"}}},"block_order":["template--21593073320238__1e6bbe3b-a17c-4ab2-9e68-ee850e2527d8-heading-1"],"custom_css":["@media only screen and (max-width: 749px) {h1, h2, h3, h4, h5, h6 {font-size: 13px !important; letter-spacing: 1.2rem !important; }}",".rich-text {border-top: 1px solid #000000 !important;}"],"settings":{"desktop_content_position":"center","content_alignment":"center","color_scheme":"accent-1","full_width":true,"padding_top":24,"padding_bottom":24}},"1699378123931906ed":{"type":"apps","settings":{"include_margins":false}}},"order":["main","c4114b07-b66d-40ef-a2e6-c00ce1dae9c8","f66e40fd-d8ed-4f6d-a20c-33feec5bb3f9","form","e394fe98-fb1c-405d-b8a9-e23820b8e360","7c1cd926-f9fe-44b1-a651-ddbac7cadf3e","1e6bbe3b-a17c-4ab2-9e68-ee850e2527d8","1699378123931906ed"]}