{"sections":{"main":{"type":"main-product","blocks":{"vendor":{"type":"text","settings":{"text":"","text_style":"uppercase"}},"title":{"type":"title","settings":{}},"price":{"type":"price","settings":{}},"variant_picker":{"type":"variant_picker","settings":{"picker_type":"button"}},"quantity_selector":{"type":"quantity_selector","settings":{}},"buy_buttons":{"type":"buy_buttons","settings":{"show_dynamic_checkout":true,"show_gift_card_recipient":true}},"description":{"type":"description","settings":{}},"share":{"type":"share","settings":{"share_label":"Share"}}},"block_order":["vendor","title","price","variant_picker","quantity_selector","buy_buttons","description","share"],"custom_css":["h1 {text-transform: uppercase !important; font-size: 30px !important;}","@media only screen and (max-width: 749px) {h1 {font-size: 24px !important; letter-spacing: 0.4em !important; }}"],"settings":{"enable_sticky_info":true,"media_size":"medium","constrain_to_viewport":true,"media_fit":"cover","gallery_layout":"thumbnail","media_position":"left","image_zoom":"hover","mobile_thumbnails":"hide","hide_variants":true,"enable_video_looping":false,"padding_top":72,"padding_bottom":12}},"related-products":{"type":"related-products","custom_css":["h2 {text-transform: uppercase !important; font-size: 30px !important;}","@media only screen and (max-width: 749px) {h2 {font-size: 22px !important; letter-spacing: 0.4em !important; }}"],"settings":{"heading":"YOU MAY ALSO<em> <\/em>LIKE","heading_size":"h2","products_to_show":4,"columns_desktop":4,"color_scheme":"background-1","image_ratio":"portrait","image_shape":"default","show_secondary_image":true,"show_vendor":false,"show_rating":false,"columns_mobile":"2","padding_top":36,"padding_bottom":28}},"b836a93f-08a4-4b86-94ee-43b3b654be16":{"type":"multicolumn","blocks":{"template--17042559729881__b836a93f-08a4-4b86-94ee-43b3b654be16-column-1":{"type":"column","settings":{"image":"shopify:\/\/shop_images\/20.png","title":"SERVICE","text":"<p>24\/7 customer service<\/p>","link_label":"","link":""}},"template--17042559729881__b836a93f-08a4-4b86-94ee-43b3b654be16-column-2":{"type":"column","settings":{"image":"shopify:\/\/shop_images\/32.png","title":"STYLING","text":"<p>Vintage Styling service available<\/p>","link_label":"","link":""}},"template--17042559729881__b836a93f-08a4-4b86-94ee-43b3b654be16-column-3":{"type":"column","settings":{"image":"shopify:\/\/shop_images\/22.png","title":"DESIGNER","text":"<p>All items are rare, designer goods<\/p>","link_label":"","link":""}},"91a6fd63-5184-4f8c-aaa5-06189b952bfe":{"type":"column","settings":{"image":"shopify:\/\/shop_images\/29.png","title":"ETHICAL","text":"<p>Packaged sustainably<\/p>","link_label":"","link":""}}},"block_order":["template--17042559729881__b836a93f-08a4-4b86-94ee-43b3b654be16-column-1","template--17042559729881__b836a93f-08a4-4b86-94ee-43b3b654be16-column-2","template--17042559729881__b836a93f-08a4-4b86-94ee-43b3b654be16-column-3","91a6fd63-5184-4f8c-aaa5-06189b952bfe"],"custom_css":["@media only screen and (max-width: 749px) {h1, h2, h3, h4, h5, h6 {font-size: 15px !important; }}","h1,h2,h3,h4,h5,h6 {letter-spacing: 0.3em !important; font-size: 18px !important;}"],"settings":{"title":"","heading_size":"h1","image_width":"half","image_ratio":"adapt","columns_desktop":4,"column_alignment":"center","background_style":"none","button_label":"","button_link":"","color_scheme":"","columns_mobile":"2","swipe_on_mobile":false,"padding_top":100,"padding_bottom":100}}},"order":["main","related-products","b836a93f-08a4-4b86-94ee-43b3b654be16"]}