{"name":"t:sections.footer.name","type":"footer","sections":{"footer":{"type":"footer","blocks":{"6a47d92c-f4fb-4aad-8f14-d7c362aa42eb":{"type":"image","settings":{"image":"shopify:\/\/shop_images\/FOOTER_LOGO.png","image_width":355,"alignment":"center"}},"5a19267f-dad9-46d1-b6fa-bfb87e99626a":{"type":"link_list","settings":{"heading":"LINKS","menu":"main-menu"}},"4f7b6e3e-b44d-474f-bd19-b9f017e190cb":{"type":"link_list","settings":{"heading":"COMPANY","menu":"footer"}},"14ae0596-f6ed-46c2-8e2f-7fd546bd81fd":{"type":"brand_information","settings":{"show_social":true}}},"block_order":["6a47d92c-f4fb-4aad-8f14-d7c362aa42eb","5a19267f-dad9-46d1-b6fa-bfb87e99626a","4f7b6e3e-b44d-474f-bd19-b9f017e190cb","14ae0596-f6ed-46c2-8e2f-7fd546bd81fd"],"custom_css":["@media only screen and (max-width: 749px) {h2 {font-size: 15px !important; }}","h2 {letter-spacing: 0.3em !important; font-size: 18px !important;}"],"settings":{"color_scheme":"background-1","newsletter_enable":false,"newsletter_heading":"Subscribe to our emails","enable_follow_on_shop":true,"show_social":false,"enable_country_selector":true,"enable_language_selector":true,"payment_enable":true,"show_policy":false,"margin_top":0,"padding_top":88,"padding_bottom":36}}},"order":["footer"]}