{"name":"t:sections.header.name","type":"header","sections":{"announcement-bar":{"type":"announcement-bar","blocks":{"announcement-bar-0":{"type":"announcement","settings":{"text":"♡ FREE SHIPPING ON ORDERS OVER $100 ♡","link":""}}},"block_order":["announcement-bar-0"],"custom_css":[],"settings":{"color_scheme":"accent-1","show_line_separator":true,"show_social":false,"auto_rotate":true,"change_slides_speed":3,"enable_country_selector":false,"enable_language_selector":false}},"header":{"type":"header","custom_css":[],"settings":{"logo_position":"top-center","menu":"main-menu","menu_type_desktop":"dropdown","sticky_header_type":"none","show_line_separator":false,"color_scheme":"background-1","menu_color_scheme":"background-1","enable_country_selector":true,"enable_language_selector":true,"mobile_logo_position":"center","margin_bottom":0,"padding_top":12,"padding_bottom":12}}},"order":["announcement-bar","header"]}